# CRISPR-OFF Webserver Output File
# The gRNA under consideration: 'region_VEGFA_site2'
# All genomic positions given here are based on the following genome assembly: 'hg38'
# Off-targets of the Cas9-gRNA complex have been predicted also on the same assembly: 'hg38'
# Gene overlaps are based on (gencode v32 basic annotation)
# Genomic position for the on-target: 'region_VEGFA_site2|0|23|NA'
# gRNA CRISPRspec score: '0.300637569105'
# gRNA specificity group: 'LOW. Low specificity gRNA with high off-targeting potential. Should be avoided. CRISPRspec score is lower than 5.'
Chromosome	StartPos	EndPos	TargetSeq	CRISPRoff	Strand	Off-targeting level	PAM	Mismatches	Browser link	OverlappingGene
